date,open_date,close_date,open,close,return
2005-01,2005-01-04,2005-01-31,994.769,954.879,0.0
2005-02,2005-02-01,2005-02-28,953.33,1039.989,0.089132
2005-03,2005-03-01,2005-03-31,1039.351,942.203,-0.094026
2005-04,2005-04-01,2005-04-29,941.431,932.4,-0.010404
2005-05,2005-05-09,2005-05-31,934.65,855.95,-0.081993
2005-06,2005-06-01,2005-06-30,855.21,878.69,0.026567
2005-07,2005-07-01,2005-07-29,875.94,888.16,0.010777
2005-08,2005-08-01,2005-08-31,887.72,927.92,0.044767
2005-09,2005-09-01,2005-09-30,928.52,917.39,-0.011348
2005-10,2005-10-10,2005-10-31,917.21,876.28,-0.044812
2005-11,2005-11-01,2005-11-30,875.96,873.83,-0.002796
2005-12,2005-12-01,2005-12-30,873.47,923.45,0.056785
2006-01,2006-01-04,2006-01-25,926.56,1009.6,0.093291
2006-02,2006-02-06,2006-02-28,1013.43,1053.01,0.042997
2006-03,2006-03-01,2006-03-31,1051.76,1061.09,0.007673
2006-04,2006-04-03,2006-04-28,1061.96,1172.35,0.104854
2006-05,2006-05-08,2006-05-31,1179.58,1365.45,0.164712
2006-06,2006-06-01,2006-06-30,1364.18,1393.96,0.02088
2006-07,2006-07-03,2006-07-31,1398.74,1294.33,-0.071473
2006-08,2006-08-01,2006-08-31,1292.71,1338.69,0.034273
2006-09,2006-09-01,2006-09-29,1339.31,1403.27,0.048241
2006-10,2006-10-09,2006-10-31,1420.36,1464.47,0.043612
2006-11,2006-11-01,2006-11-30,1465.67,1714.36,0.170635
2006-12,2006-12-01,2006-12-29,1719.28,2041.05,0.190561
2007-01,2007-01-04,2007-01-31,2073.25,2385.34,0.168683
2007-02,2007-02-01,2007-02-28,2350.6,2544.57,0.066754
2007-03,2007-03-01,2007-03-30,2550.26,2781.78,0.093222
2007-04,2007-04-02,2007-04-30,2793.96,3558.71,0.279292
2007-05,2007-05-08,2007-05-31,3643.81,3927.95,0.103757
2007-06,2007-06-01,2007-06-29,3953.1,3764.08,-0.041719
2007-07,2007-07-02,2007-07-31,3746.18,4460.56,0.185033
2007-08,2007-08-01,2007-08-31,4479.3,5296.81,0.187476
2007-09,2007-09-03,2007-09-28,5335.05,5580.81,0.053617
2007-10,2007-10-08,2007-10-31,5703.28,5688.54,0.019304
2007-11,2007-11-01,2007-11-30,5701.49,4737.41,-0.167201
2007-12,2007-12-03,2007-12-28,4714.92,5338.28,0.126835
2008-01,2008-01-02,2008-01-31,5349.76,4620.4,-0.134478
2008-02,2008-02-01,2008-02-29,4623.62,4674.55,0.01172
2008-03,2008-03-03,2008-03-31,4648.74,3790.53,-0.189113
2008-04,2008-04-01,2008-04-30,3776.27,3959.12,0.044477
2008-05,2008-05-05,2008-05-30,4015.21,3611.33,-0.087845
2008-06,2008-06-02,2008-06-30,3600.23,2791.82,-0.226927
2008-07,2008-07-01,2008-07-31,2799.2,2805.21,0.004796
2008-08,2008-08-01,2008-08-29,2786.12,2391.64,-0.147429
2008-09,2008-09-01,2008-09-26,2372.64,2243.66,-0.061874
2008-10,2008-10-06,2008-10-31,2206.56,1663.66,-0.258506
2008-11,2008-11-03,2008-11-28,1648.56,1829.92,0.099936
2008-12,2008-12-01,2008-12-31,1823.77,1817.72,-0.006667
2009-01,2009-01-05,2009-01-23,1848.33,2032.68,0.118258
2009-02,2009-02-02,2009-02-27,2052.44,2140.49,0.053038
2009-03,2009-03-02,2009-03-31,2123.37,2507.79,0.171596
2009-04,2009-04-01,2009-04-30,2519.89,2622.93,0.045913
2009-05,2009-05-04,2009-05-27,2635.13,2759.71,0.052148
2009-06,2009-06-01,2009-06-30,2798.93,3166.47,0.147392
2009-07,2009-07-01,2009-07-31,3153.54,3734.62,0.179427
2009-08,2009-08-03,2009-08-31,3754.22,2830.27,-0.242153
2009-09,2009-09-01,2009-09-30,2804.58,3004.81,0.061669
2009-10,2009-10-09,2009-10-30,3078.75,3280.37,0.091706
2009-11,2009-11-02,2009-11-30,3205.84,3511.67,0.07051
2009-12,2009-12-01,2009-12-31,3507.56,3575.68,0.018228
2010-01,2010-01-04,2010-01-29,3592.47,3204.16,-0.103902
2010-02,2010-02-01,2010-02-26,3198.23,3281.67,0.02419
2010-03,2010-03-01,2010-03-31,3290.01,3345.61,0.019484
2010-04,2010-04-01,2010-04-30,3349.88,3067.37,-0.083166
2010-05,2010-05-04,2010-05-31,3005.49,2773.26,-0.095883
2010-06,2010-06-01,2010-06-30,2755.28,2563.07,-0.075792
2010-07,2010-07-01,2010-07-30,2557.92,2868.85,0.119302
2010-08,2010-08-02,2010-08-31,2868.28,2903.19,0.01197
2010-09,2010-09-01,2010-09-30,2907.66,2935.57,0.011153
2010-10,2010-10-08,2010-10-29,2965.65,3379.98,0.151388
2010-11,2010-11-01,2010-11-30,3390.41,3136.99,-0.071891
2010-12,2010-12-01,2010-12-31,3127.26,3128.26,-0.002783
2011-01,2011-01-04,2011-01-31,3155.56,3076.51,-0.016543
2011-02,2011-02-01,2011-02-28,3083.49,3239.56,0.052998
2011-03,2011-03-01,2011-03-31,3241.71,3223.29,-0.005022
2011-04,2011-04-01,2011-04-29,3227.56,3192.72,-0.009484
2011-05,2011-05-03,2011-05-31,3192.85,3001.56,-0.059874
2011-06,2011-06-01,2011-06-30,2996.09,3044.09,0.014169
2011-07,2011-07-01,2011-07-29,3052.12,2972.08,-0.023656
2011-08,2011-08-01,2011-08-31,2969.11,2846.78,-0.042159
2011-09,2011-09-01,2011-09-30,2852.39,2581.35,-0.093239
2011-10,2011-10-10,2011-10-31,2588.35,2695.31,0.044147
2011-11,2011-11-01,2011-11-30,2672.51,2521.52,-0.064479
2011-12,2011-12-01,2011-12-30,2596.15,2345.74,-0.069712
2012-01,2012-01-04,2012-01-31,2361.5,2464.26,0.050526
2012-02,2012-02-01,2012-02-29,2458.23,2634.14,0.068938
2012-03,2012-03-01,2012-03-30,2622.74,2454.899,-0.068045
2012-04,2012-04-05,2012-04-27,2449.208,2626.157,0.069762
2012-05,2012-05-02,2012-05-31,2660.673,2632.042,0.002241
2012-06,2012-06-01,2012-06-29,2633.601,2461.612,-0.064752
2012-07,2012-07-02,2012-07-31,2473.545,2332.922,-0.052279
2012-08,2012-08-01,2012-08-31,2332.129,2204.868,-0.05489
2012-09,2012-09-03,2012-09-28,2201.123,2293.106,0.04002
2012-10,2012-10-08,2012-10-31,2291.961,2254.82,-0.016696
2012-11,2012-11-01,2012-11-30,2256.609,2139.661,-0.051072
2012-12,2012-12-03,2012-12-31,2136.696,2522.952,0.179136
2013-01,2013-01-04,2013-01-31,2551.814,2686.882,0.064975
2013-02,2013-02-01,2013-02-28,2677.187,2673.327,-0.005045
2013-03,2013-03-01,2013-03-29,2671.842,2495.083,-0.066675
2013-04,2013-04-01,2013-04-26,2486.428,2447.306,-0.019148
2013-05,2013-05-02,2013-05-31,2434.603,2606.426,0.065018
2013-06,2013-06-03,2013-06-28,2605.969,2200.639,-0.155687
2013-07,2013-07-01,2013-07-31,2187.092,2193.021,-0.003462
2013-08,2013-08-01,2013-08-30,2206.004,2313.91,0.055124
2013-09,2013-09-02,2013-09-30,2319.957,2409.037,0.041111
2013-10,2013-10-08,2013-10-31,2406.415,2373.718,-0.014661
2013-11,2013-11-01,2013-11-29,2373.962,2438.944,0.027478
2013-12,2013-12-02,2013-12-31,2423.969,2330.026,-0.044658
2014-01,2014-01-02,2014-01-30,2323.433,2202.45,-0.054753
2014-02,2014-02-07,2014-02-28,2187.343,2178.971,-0.01066
2014-03,2014-03-03,2014-03-31,2173.907,2146.305,-0.014991
2014-04,2014-04-01,2014-04-30,2143.717,2158.659,0.005756
2014-05,2014-05-05,2014-05-30,2152.59,2156.464,-0.001017
2014-06,2014-06-03,2014-06-30,2157.64,2165.118,0.004013
2014-07,2014-07-01,2014-07-31,2169.199,2350.251,0.085507
2014-08,2014-08-01,2014-08-29,2341.227,2338.287,-0.005091
2014-09,2014-09-01,2014-09-30,2340.925,2450.988,0.048198
2014-10,2014-10-08,2014-10-31,2460.87,2508.325,0.023393
2014-11,2014-11-03,2014-11-28,2515.824,2808.819,0.119799
2014-12,2014-12-01,2014-12-31,2825.611,3533.705,0.258075
2015-01,2015-01-05,2015-01-30,3566.089,3434.39,-0.028105
2015-02,2015-02-02,2015-02-27,3360.193,3572.843,0.040314
2015-03,2015-03-02,2015-03-31,3603.452,4051.204,0.133888
2015-04,2015-04-01,2015-04-30,4057.501,4749.886,0.172463
2015-05,2015-05-04,2015-05-29,4757.637,4840.829,0.019146
2015-06,2015-06-01,2015-06-30,4862.756,4472.998,-0.075985
2015-07,2015-07-01,2015-07-31,4408.984,3816.699,-0.146725
2015-08,2015-08-03,2015-08-31,3766.072,3366.536,-0.117946
2015-09,2015-09-01,2015-09-30,3296.529,3202.948,-0.048592
2015-10,2015-10-08,2015-10-30,3324.981,3534.079,0.103383
2015-11,2015-11-02,2015-11-30,3489.225,3566.412,0.009149
2015-12,2015-12-01,2015-12-31,3562.319,3731.005,0.046151
2016-01,2016-01-04,2016-01-29,3725.856,2946.09,-0.210376
2016-02,2016-02-01,2016-02-29,2939.04,2877.467,-0.023293
2016-03,2016-03-01,2016-03-31,2881.335,3218.088,0.118375
2016-04,2016-04-01,2016-04-29,3213.674,3156.745,-0.019062
2016-05,2016-05-03,2016-05-31,3159.823,3169.56,0.00406
2016-06,2016-06-01,2016-06-30,3172.962,3153.921,-0.004934
2016-07,2016-07-01,2016-07-29,3156.932,3203.93,0.015856
2016-08,2016-08-01,2016-08-31,3196.425,3327.794,0.03866
2016-09,2016-09-01,2016-09-30,3326.739,3253.285,-0.02239
2016-10,2016-10-10,2016-10-31,3265.364,3336.278,0.025511
2016-11,2016-11-01,2016-11-30,3338.71,3538.001,0.060463
2016-12,2016-12-01,2016-12-30,3543.956,3310.081,-0.064421
2017-01,2017-01-03,2017-01-26,3313.953,3387.961,0.023528
2017-02,2017-02-03,2017-02-28,3390.932,3452.81,0.019141
2017-03,2017-03-01,2017-03-31,3452.206,3456.046,0.000937
2017-04,2017-04-05,2017-04-28,3476.423,3439.753,-0.004714
2017-05,2017-05-02,2017-05-31,3427.917,3492.885,0.015446
2017-06,2017-06-01,2017-06-30,3485.222,3666.798,0.049791
2017-07,2017-07-03,2017-07-31,3667.232,3737.873,0.019383
2017-08,2017-08-01,2017-08-31,3738.736,3822.093,0.022532
2017-09,2017-09-01,2017-09-29,3825.339,3836.501,0.00377
2017-10,2017-10-09,2017-10-31,3910.115,4006.718,0.044368
2017-11,2017-11-01,2017-11-30,4007.912,4006.099,-0.000154
2017-12,2017-12-01,2017-12-29,4003.56,4030.855,0.00618
2018-01,2018-01-02,2018-01-31,4045.209,4275.899,0.060792
2018-02,2018-02-01,2018-02-28,4276.343,4023.642,-0.058995
2018-03,2018-03-01,2018-03-30,3994.869,3898.498,-0.031102
2018-04,2018-04-02,2018-04-27,3897.005,3756.877,-0.036327
2018-05,2018-05-02,2018-05-31,3769.925,3802.376,0.012111
2018-06,2018-06-01,2018-06-29,3789.672,3510.985,-0.076634
2018-07,2018-07-02,2018-07-31,3504.457,3517.657,0.0019
2018-08,2018-08-01,2018-08-31,3530.03,3334.504,-0.052067
2018-09,2018-09-03,2018-09-28,3320.69,3438.865,0.031297
2018-10,2018-10-08,2018-10-31,3361.559,3153.823,-0.082888
2018-11,2018-11-01,2018-11-30,3185.202,3172.69,0.005982
2018-12,2018-12-03,2018-12-28,3260.686,3010.654,-0.051072
2019-01,2019-01-02,2019-01-31,3017.067,3201.633,0.063434
2019-02,2019-02-01,2019-02-28,3225.734,3669.37,0.146093
2019-03,2019-03-01,2019-03-29,3699.216,3872.341,0.055315
2019-04,2019-04-01,2019-04-30,3901.17,3913.211,0.010554
2019-05,2019-05-06,2019-05-31,3775.077,3629.789,-0.072427
2019-06,2019-06-03,2019-06-28,3640.613,3825.587,0.053942
2019-07,2019-07-01,2019-07-31,3899.331,3835.359,0.002554
2019-08,2019-08-01,2019-08-30,3819.324,3799.586,-0.009327
2019-09,2019-09-02,2019-09-30,3803.689,3814.528,0.003933
2019-10,2019-10-08,2019-10-31,3818.589,3886.752,0.018934
2019-11,2019-11-01,2019-11-29,3883.808,3828.671,-0.014943
2019-12,2019-12-02,2019-12-31,3835.513,4096.582,0.069975
2020-01,2020-01-02,2020-01-23,4121.349,4003.901,-0.022624
2020-02,2020-02-03,2020-02-28,3639.909,3940.049,-0.015947
2020-03,2020-03-02,2020-03-31,3968.844,3686.155,-0.064439
2020-04,2020-04-01,2020-04-30,3682.297,3912.577,0.061425
2020-05,2020-05-06,2020-05-29,3867.259,3867.023,-0.011643
2020-06,2020-06-01,2020-06-30,3901.726,4163.964,0.076788
2020-07,2020-07-01,2020-07-31,4172.643,4695.046,0.127542
2020-08,2020-08-03,2020-08-31,4735.899,4816.215,0.025808
2020-09,2020-09-01,2020-09-30,4803.392,4587.395,-0.04751
2020-10,2020-10-09,2020-10-30,4663.61,4695.334,0.023529
2020-11,2020-11-02,2020-11-30,4702.746,4960.252,0.056422
2020-12,2020-12-01,2020-12-31,4963.13,5211.289,0.05061
2021-01,2021-01-04,2021-01-29,5212.931,5351.965,0.026994
2021-02,2021-02-01,2021-02-26,5356.854,5336.761,-0.002841
2021-03,2021-03-01,2021-03-31,5389.25,5048.361,-0.05404
2021-04,2021-04-01,2021-04-30,5059.936,5123.489,0.014882
2021-05,2021-05-06,2021-05-31,5098.801,5331.57,0.040613
2021-06,2021-06-01,2021-06-30,5320.475,5224.041,-0.020168
2021-07,2021-07-01,2021-07-30,5241.204,4811.17,-0.079033
2021-08,2021-08-02,2021-08-31,4794.819,4805.61,-0.001156
2021-09,2021-09-01,2021-09-30,4804.686,4866.383,0.012646
2021-10,2021-10-08,2021-10-29,4915.731,4908.77,0.00871
2021-11,2021-11-01,2021-11-30,4878.128,4832.026,-0.015634
2021-12,2021-12-01,2021-12-31,4831.889,4940.373,0.022423
2022-01,2022-01-04,2022-01-28,4957.984,4563.772,-0.076229
2022-02,2022-02-07,2022-02-28,4638.575,4581.646,0.003916
2022-03,2022-03-01,2022-03-31,4597.855,4222.597,-0.078367
2022-04,2022-04-01,2022-04-29,4198.819,4016.241,-0.048869
2022-05,2022-05-05,2022-05-31,3995.353,4091.518,0.018743
2022-06,2022-06-01,2022-06-30,4086.618,4485.011,0.096173
2022-07,2022-07-01,2022-07-29,4489.52,4170.102,-0.070214
2022-08,2022-08-01,2022-08-31,4160.648,4078.84,-0.021885
2022-09,2022-09-01,2022-09-30,4066.187,3804.885,-0.067165
2022-10,2022-10-10,2022-10-31,3806.56,3508.703,-0.077843
2022-11,2022-11-01,2022-11-30,3519.817,3853.037,0.098137
2022-12,2022-12-01,2022-12-30,3921.295,3871.634,0.004827
2023-01,2023-01-03,2023-01-31,3864.836,4156.858,0.07367
2023-02,2023-02-01,2023-02-28,4170.132,4069.459,-0.021025
2023-03,2023-03-01,2023-03-31,4068.733,4050.926,-0.004554
2023-04,2023-04-03,2023-04-28,4059.623,4029.086,-0.005391
2023-05,2023-05-04,2023-05-31,4013.471,3798.543,-0.05722
2023-06,2023-06-01,2023-06-30,3788.59,3842.452,0.011559
2023-07,2023-07-03,2023-07-31,3853.292,4014.63,0.044809
2023-08,2023-08-01,2023-08-31,4009.183,3765.268,-0.062113
2023-09,2023-09-01,2023-09-28,3778.913,3689.517,-0.020118
2023-10,2023-10-09,2023-10-31,3678.929,3572.506,-0.031714
2023-11,2023-11-01,2023-11-30,3605.758,3496.203,-0.021358
2023-12,2023-12-01,2023-12-29,3494.223,3431.11,-0.018618
2024-01,2024-01-02,2024-01-31,3426.268,3215.352,-0.062883
2024-02,2024-02-01,2024-02-29,3202.256,3516.083,0.09353
2024-03,2024-03-01,2024-03-29,3515.059,3537.484,0.006087
2024-04,2024-04-01,2024-04-30,3551.582,3604.394,0.018915
2024-05,2024-05-06,2024-05-31,3654.049,3579.925,-0.006789
2024-06,2024-06-03,2024-06-28,3577.38,3461.657,-0.033036
2024-07,2024-07-01,2024-07-31,3458.264,3442.084,-0.005654
2024-08,2024-08-01,2024-08-30,3443.14,3321.432,-0.035052
2024-09,2024-09-02,2024-09-30,3307.543,4017.855,0.209676
2024-10,2024-10-08,2024-10-31,4450.368,3891.04,-0.031563
2024-11,2024-11-01,2024-11-29,3882.458,3916.583,0.006565
2024-12,2024-12-02,2024-12-31,3909.703,3934.911,0.00468
