date,nav,cash
2022-01-04,1000000.0,1000000.0
2022-01-05,1005241.5446220852,299.99999999973807
2022-01-06,1004780.919380436,299.99999999973807
2022-01-07,1019995.6621150859,299.99999999973807
2022-01-10,1022796.7493316939,299.99999999973807
2022-01-11,1021027.043211804,299.99999999973807
2022-01-12,1017084.3672696982,299.99999999973807
2022-01-13,1012839.1753176481,299.99999999973807
2022-01-14,996252.6302653181,299.99999999973807
2022-01-17,995334.5506030209,299.99999999973807
2022-01-18,1007002.2456957733,299.99999999973807
2022-01-19,921323.9361418857,299.99999999973807
2022-01-20,925617.9191266808,299.99999999973807
2022-01-21,918753.6278874538,299.99999999973807
2022-01-24,916096.8492482076,299.99999999973807
2022-01-25,902797.0097217816,299.99999999973807
2022-01-26,904761.961582559,299.99999999973807
2022-01-27,982759.5658925925,299.99999999973807
2022-01-28,980349.4364229161,299.99999999973807
2022-02-07,1002280.0137047054,299.99999999973807
2022-02-08,1016103.0926967923,300.2932319061074
2022-02-09,1018997.7726242631,300.2932319061074
2022-02-10,1027590.6358295017,300.2932319061074
2022-02-11,1023959.8096525405,300.2932319061074
2022-02-14,1009006.7542423723,300.2932319061074
2022-02-15,1002228.7483312098,300.2932319061074
2022-02-16,1009559.7302164148,300.2932319061074
2022-02-17,1004307.1258855846,300.2932319061074
2022-02-18,1014960.4940355642,300.2932319061074
2022-02-21,1010457.6835899588,300.2932319061074
2022-02-22,1001548.4968748525,300.2932319061074
2022-02-23,998417.0448807032,300.2932319061074
2022-02-24,983384.3619209941,300.2932319061074
2022-02-25,987191.5028152307,300.2932319061074
2022-02-28,985337.7386718737,300.2932319061074
2022-03-01,990453.9824276459,300.2932319061074
2022-03-02,987028.1030249812,296.75003478920553
2022-03-03,1000692.5299089508,296.75003478920553
2022-03-04,989204.2043256118,296.75003478920553
2022-03-07,959640.3396847975,296.75003478920553
2022-03-08,940609.1681952281,296.75003478920553
2022-03-09,931148.6278986752,296.75003478920553
2022-03-10,936172.0293140359,296.75003478920553
2022-03-11,943887.5952920135,296.75003478920553
2022-03-14,922078.1608740301,296.75003478920553
2022-03-15,890265.7684501068,296.75003478920553
2022-03-16,922072.6711114502,296.75003478920553
2022-03-17,931673.8291010386,296.75003478920553
2022-03-18,940682.4018153874,296.75003478920553
2022-03-21,933051.9548092698,296.75003478920553
2022-03-22,935942.0388662281,296.75003478920553
2022-03-23,932305.4076617551,296.75003478920553
2022-03-24,928190.8207683057,296.75003478920553
2022-03-25,918469.6291005517,296.75003478920553
2022-03-28,924053.9645252621,296.75003478920553
2022-03-29,919237.43961046,296.75003478920553
2022-03-30,932927.2506219302,296.75003478920553
2022-03-31,929198.1288679341,296.75003478920553
2022-04-01,945664.9157032407,296.75003478920553
2022-04-06,956708.5575470406,283.3307811265113
2022-04-07,949250.9828856091,283.3307811265113
2022-04-08,877071.6603562371,283.3307811265113
2022-04-11,940862.9431205497,283.3307811265113
2022-04-12,959494.5941007091,283.3307811265113
2022-04-13,949981.8629058492,283.3307811265113
2022-04-14,960012.9739914532,283.3307811265113
2022-04-15,960173.8178348888,283.3307811265113
2022-04-18,949515.5939576672,283.3307811265113
2022-04-19,948739.5943583067,283.3307811265113
2022-04-20,941876.28437954,283.3307811265113
2022-04-21,926518.0657563051,283.3307811265113
2022-04-22,931730.6400929356,283.3307811265113
2022-04-25,896681.6162852485,283.3307811265113
2022-04-26,883688.6618510755,283.3307811265113
2022-04-27,898795.2131769693,283.3307811265113
2022-04-28,895304.7962503975,283.3307811265113
2022-04-29,911998.9452312898,283.3307811265113
2022-05-05,914977.607622708,283.3307811265113
2022-05-06,890677.3078041804,274.13655151889543
2022-05-09,887153.7210974665,274.13655151889543
2022-05-10,890570.0362201898,274.13655151889543
2022-05-11,894891.0905155538,274.13655151889543
2022-05-12,888250.6573345123,274.13655151889543
2022-05-13,896252.1441608217,274.13655151889543
2022-05-16,898588.4595156665,274.13655151889543
2022-05-17,900902.1544803766,274.13655151889543
2022-05-18,896849.7526770454,274.13655151889543
2022-05-19,894228.1844330827,274.13655151889543
2022-05-20,906385.6371907005,274.13655151889543
2022-05-23,912141.7486856879,274.13655151889543
2022-05-24,900706.8748074342,274.13655151889543
2022-05-25,911407.0184699763,274.13655151889543
2022-05-26,919882.806027888,274.13655151889543
2022-05-27,919660.9746434941,274.13655151889543
2022-05-30,919524.7491561587,274.13655151889543
2022-05-31,923716.819082204,274.13655151889543
2022-06-01,920813.7599314195,274.13655151889543
2022-06-02,920753.1981789436,275.8851175264863
2022-06-06,926510.4755687459,275.8851175264863
2022-06-07,926534.3374839782,275.8851175264863
2022-06-08,931696.2414218324,275.8851175264863
2022-06-09,929875.3634667607,275.8851175264863
2022-06-10,932171.3303398615,275.8851175264863
2022-06-13,924917.7442935517,275.8851175264863
2022-06-14,936461.1683647574,275.8851175264863
2022-06-15,941109.8369268528,275.8851175264863
2022-06-16,932845.4267421982,275.8851175264863
2022-06-17,934304.4052772647,275.8851175264863
2022-06-20,939185.6090079102,275.8851175264863
2022-06-21,944487.357427522,275.8851175264863
2022-06-22,945789.781950378,275.8851175264863
2022-06-23,953156.1347058293,275.8851175264863
2022-06-24,961433.0944829755,275.8851175264863
2022-06-27,969382.8409034435,275.8851175264863
2022-06-28,975964.7250539481,275.8851175264863
2022-06-29,965963.3533431555,275.8851175264863
2022-06-30,971969.1073057028,275.8851175264863
2022-07-01,972156.9820232223,275.8851175264863
2022-07-04,965335.4406713903,291.268060979055
2022-07-05,966032.6758357183,291.268060979055
2022-07-06,951051.9315785326,291.268060979055
2022-07-07,950037.9267174435,291.268060979055
2022-07-08,951159.1249909191,291.268060979055
2022-07-11,942293.8366810482,291.268060979055
2022-07-12,943894.3859224321,291.268060979055
2022-07-13,947616.6489056799,291.268060979055
2022-07-14,944246.1311439148,291.268060979055
2022-07-15,925830.1595946382,291.268060979055
2022-07-18,936496.5489896361,291.268060979055
2022-07-19,934550.8433761309,291.268060979055
2022-07-20,934442.8685466234,291.268060979055
2022-07-21,927915.2028589537,291.268060979055
2022-07-22,930369.0284129456,291.268060979055
2022-07-25,926856.9683071349,291.268060979055
2022-07-26,933571.6562044022,291.268060979055
2022-07-27,933333.6805254578,291.268060979055
2022-07-28,933244.9462919249,291.268060979055
2022-07-29,924434.6051879262,291.268060979055
2022-08-01,923876.9658203061,291.268060979055
2022-08-02,911465.473865343,276.8028913238377
2022-08-03,904901.0591586673,276.8028913238377
2022-08-04,909890.6722913907,276.8028913238377
2022-08-05,915773.1310679934,276.8028913238377
2022-08-08,916386.5499135262,276.8028913238377
2022-08-09,917352.5299609847,276.8028913238377
2022-08-10,912056.4486800027,276.8028913238377
2022-08-11,923948.3427939388,276.8028913238377
2022-08-12,928824.8164256389,276.8028913238377
2022-08-15,924812.2368685136,276.8028913238377
2022-08-16,922832.14212185,276.8028913238377
2022-08-17,927871.2536132226,276.8028913238377
2022-08-18,919351.1008982364,276.8028913238377
2022-08-19,919518.7623624516,276.8028913238377
2022-08-22,922296.1222074558,276.8028913238377
2022-08-23,919221.5217006552,276.8028913238377
2022-08-24,911394.6993886945,276.8028913238377
2022-08-25,921299.0532869757,276.8028913238377
2022-08-26,921005.869767632,276.8028913238377
2022-08-29,919877.0148936124,276.8028913238377
2022-08-30,918155.4054645683,276.8028913238377
2022-08-31,918705.5682774669,276.8028913238377
2022-09-01,911002.4250208396,276.8028913238377
2022-09-02,908854.2912986178,272.94554451384465
2022-09-05,914168.0530887743,272.94554451384465
2022-09-06,923591.3471705739,272.94554451384465
2022-09-07,922061.44322579,272.94554451384465
2022-09-08,927011.330648924,272.94554451384465
2022-09-09,935166.697591384,272.94554451384465
2022-09-13,935671.8491791426,272.94554451384465
2022-09-14,929375.6668149539,272.94554451384465
2022-09-15,930946.4514332948,272.94554451384465
2022-09-16,912347.6480424656,272.94554451384465
2022-09-19,912178.2414604911,272.94554451384465
2022-09-20,911954.6380014921,272.94554451384465
2022-09-21,916311.365331538,272.94554451384465
2022-09-22,912131.1162412718,272.94554451384465
2022-09-23,912819.0474314385,272.94554451384465
2022-09-26,903224.5639576359,272.94554451384465
2022-09-27,915008.3426870961,272.94554451384465
2022-09-28,906562.3267706104,272.94554451384465
2022-09-29,899192.9936763142,272.94554451384465
2022-09-30,897056.6873096795,272.94554451384465
2022-10-10,895297.666712229,272.94554451384465
2022-10-11,892264.4943704549,268.24024037260097
2022-10-12,897435.7584604174,268.24024037260097
2022-10-13,896201.7386782018,268.24024037260097
2022-10-14,900677.0808638975,268.24024037260097
2022-10-17,907879.7891513084,268.24024037260097
2022-10-18,903933.348434322,268.24024037260097
2022-10-19,899246.3502791182,268.24024037260097
2022-10-20,900058.5267437852,268.24024037260097
2022-10-21,904168.1157691556,268.24024037260097
2022-10-24,884804.5105621375,268.24024037260097
2022-10-25,888016.2233080872,268.24024037260097
2022-10-26,894856.8365405007,268.24024037260097
2022-10-27,894730.9961491701,268.24024037260097
2022-10-28,883327.1208727729,268.24024037260097
2022-10-31,868119.2220506775,268.24024037260097
2022-11-01,893485.3382709114,268.24024037260097
2022-11-02,899855.1232480906,267.6972468128952
2022-11-03,894664.1726082979,267.6972468128952
2022-11-04,909748.1241257004,267.6972468128952
2022-11-07,912429.744700199,267.6972468128952
2022-11-08,911883.404564622,267.6972468128952
2022-11-09,911296.5491000641,267.6972468128952
2022-11-10,919522.6195667469,267.6972468128952
2022-11-11,925544.5814027288,267.6972468128952
2022-11-14,914774.0370184348,267.6972468128952
2022-11-15,922281.4170290383,267.6972468128952
2022-11-16,916651.583809749,267.6972468128952
2022-11-17,915571.5075656492,267.6972468128952
2022-11-18,910578.4601961427,267.6972468128952
2022-11-21,902766.604086833,267.6972468128952
2022-11-22,910790.207677421,267.6972468128952
2022-11-23,914192.1310016296,267.6972468128952
2022-11-24,911046.9504801035,267.6972468128952
2022-11-25,919809.8288715689,267.6972468128952
2022-11-28,915621.8641474628,267.6972468128952
2022-11-29,935588.5524173181,267.6972468128952
2022-11-30,936303.0174661478,267.6972468128952
2022-12-01,933763.0607405424,267.6972468128952
2022-12-02,928341.7278233839,279.7648550302547
2022-12-05,949316.885524723,279.7648550302547
2022-12-06,951356.7651713862,279.7648550302547
2022-12-07,948261.2864804144,279.7648550302547
2022-12-08,948502.1523680105,279.7648550302547
2022-12-09,952885.9779367861,279.7648550302547
2022-12-12,948221.578260256,279.7648550302547
2022-12-13,953063.2542292392,279.7648550302547
2022-12-14,955074.7506398816,279.7648550302547
2022-12-15,946213.6073301585,279.7648550302547
2022-12-16,953298.5146893418,279.7648550302547
2022-12-19,940277.1423723508,279.7648550302547
2022-12-20,929860.7350051564,279.7648550302547
2022-12-21,933697.8540958316,279.7648550302547
2022-12-22,933882.37369854,279.7648550302547
2022-12-23,933382.871788915,279.7648550302547
2022-12-26,932751.6847044363,279.7648550302547
2022-12-27,940411.9089049639,279.7648550302547
2022-12-28,935024.5235734207,279.7648550302547
2022-12-29,928746.5585352693,279.7648550302547
2022-12-30,932963.3912068165,279.7648550302547
2023-01-03,930676.042773457,279.7648550302547
2023-01-04,937334.1505070704,278.839958283701
2023-01-05,944000.60279736,278.839958283701
2023-01-06,940231.1962744425,278.839958283701
2023-01-09,947700.8521105312,278.839958283701
2023-01-10,941663.5467829993,278.839958283701
2023-01-11,938113.3172301374,278.839958283701
2023-01-12,938711.4789213798,278.839958283701
2023-01-13,946558.3782392559,278.839958283701
2023-01-16,956877.5122557806,278.839958283701
2023-01-17,957037.4186060432,278.839958283701
2023-01-18,956501.2769852007,278.839958283701
2023-01-19,956478.3295987381,278.839958283701
2023-01-20,963895.5942374606,278.839958283701
2023-01-30,960932.5821523885,278.839958283701
2023-01-31,957857.2326855576,278.839958283701
2023-02-01,961556.3697531561,278.839958283701
2023-02-02,956498.3117722454,288.09201268912875
2023-02-03,949756.588831737,288.09201268912875
2023-02-06,944416.8470233121,288.09201268912875
2023-02-07,945001.0215461057,288.09201268912875
2023-02-08,944408.0769712573,288.09201268912875
2023-02-09,948062.2082198904,288.09201268912875
2023-02-10,945802.1600867724,288.09201268912875
2023-02-13,959954.2826159501,288.09201268912875
2023-02-14,963469.0162893988,288.09201268912875
2023-02-15,959074.381945491,288.09201268912875
2023-02-16,953249.2102954892,288.09201268912875
2023-02-17,950079.5694852151,288.09201268912875
2023-02-20,970107.5199946671,288.09201268912875
2023-02-21,972906.5363655444,288.09201268912875
2023-02-22,969160.6502094336,288.09201268912875
2023-02-23,966962.1622897414,288.09201268912875
2023-02-24,961274.7066958832,288.09201268912875
2023-02-27,963383.5917887883,288.09201268912875
2023-02-28,965425.7642555371,288.09201268912875
2023-03-01,972432.9688865598,288.09201268912875
2023-03-02,974345.7658389756,291.35075416378095
2023-03-03,981325.8512407504,291.35075416378095
2023-03-06,974413.3260290888,291.35075416378095
2023-03-07,970676.8887852569,291.35075416378095
2023-03-08,971454.6315967954,291.35075416378095
2023-03-09,966915.2386336566,291.35075416378095
2023-03-10,956269.6231643328,291.35075416378095
2023-03-13,964766.7937382661,291.35075416378095
2023-03-14,958846.3544014946,291.35075416378095
2023-03-15,963998.7733324723,291.35075416378095
2023-03-16,956908.4029850585,291.35075416378095
2023-03-17,962566.3788703204,291.35075416378095
2023-03-20,956599.3371709955,291.35075416378095
2023-03-21,957907.1539411638,291.35075416378095
2023-03-22,960773.3473871376,291.35075416378095
2023-03-23,961934.1365242396,291.35075416378095
2023-03-24,954061.0392377108,291.35075416378095
2023-03-27,949719.8382342218,291.35075416378095
2023-03-28,950442.7524650742,291.35075416378095
2023-03-29,949641.298087762,291.35075416378095
2023-03-30,960569.1094319974,291.35075416378095
2023-03-31,958486.7471655075,291.35075416378095
2023-04-03,966545.6940786919,291.35075416378095
2023-04-04,971727.2596183819,289.5868690296775
2023-04-06,968937.7839312584,289.5868690296775
2023-04-07,969018.9687819317,289.5868690296775
2023-04-10,966335.94212129,289.5868690296775
2023-04-11,970127.7447885684,289.5868690296775
2023-04-12,974692.2324406385,289.5868690296775
2023-04-13,970387.3275363983,289.5868690296775
2023-04-14,969698.7626954681,289.5868690296775
2023-04-17,984725.7147928057,289.5868690296775
2023-04-18,984862.6511875404,289.5868690296775
2023-04-19,982153.3770224971,289.5868690296775
2023-04-20,981955.2438308214,289.5868690296775
2023-04-21,969372.3791250004,289.5868690296775
2023-04-24,960353.5277663803,289.5868690296775
2023-04-25,962706.0947604984,289.5868690296775
2023-04-26,960968.0164198595,289.5868690296775
2023-04-27,964973.7509223958,289.5868690296775
2023-04-28,972349.5889697858,289.5868690296775
2023-05-04,975089.2413084528,289.5868690296775
2023-05-05,977336.7560579,292.14660052748513
2023-05-08,993627.4103828487,292.14660052748513
2023-05-09,990945.7280217345,292.14660052748513
2023-05-10,972828.271811233,292.14660052748513
2023-05-11,968674.8652511605,292.14660052748513
2023-05-12,959510.4460730053,292.14660052748513
2023-05-15,966558.3650790488,292.14660052748513
2023-05-16,963047.8651927428,292.14660052748513
2023-05-17,958631.9154858837,292.14660052748513
2023-05-18,962167.3964913853,292.14660052748513
2023-05-19,955692.0301715295,292.14660052748513
2023-05-22,958294.614864181,292.14660052748513
2023-05-23,944492.9126132482,292.14660052748513
2023-05-24,928965.8433716028,292.14660052748513
2023-05-25,927320.5888562608,292.14660052748513
2023-05-26,928029.0097278428,292.14660052748513
2023-05-29,932025.6275883336,292.14660052748513
2023-05-30,928334.2730001553,292.14660052748513
2023-05-31,925193.8136772313,292.14660052748513
2023-06-01,918447.888073783,292.14660052748513
2023-06-02,923339.9388185308,275.17628568274085
2023-06-05,925350.704218155,275.17628568274085
2023-06-06,919339.4274541517,275.17628568274085
2023-06-07,923252.7566902603,275.17628568274085
2023-06-08,933916.9036195115,275.17628568274085
2023-06-09,933857.0947382997,275.17628568274085
2023-06-12,930147.2402928931,275.17628568274085
2023-06-13,931434.7533091169,275.17628568274085
2023-06-14,930855.0393994406,275.17628568274085
2023-06-15,938086.302623436,275.17628568274085
2023-06-16,941660.9831128672,275.17628568274085
2023-06-19,936160.2923512488,275.17628568274085
2023-06-20,930416.9191298309,275.17628568274085
2023-06-21,927163.7282623313,275.17628568274085
2023-06-26,914716.8270343475,275.17628568274085
2023-06-27,923842.686966114,275.17628568274085
2023-06-28,925685.9443576823,275.17628568274085
2023-06-29,920765.8140060888,275.17628568274085
2023-06-30,926064.3457499982,275.17628568274085
2023-07-03,939238.6217782188,275.17628568274085
2023-07-04,938071.0835833722,281.4053907895286
2023-07-05,938675.9908301951,281.4053907895286
2023-07-06,932649.4464449607,281.4053907895286
2023-07-07,937045.9390748866,281.4053907895286
2023-07-10,936381.0319211779,281.4053907895286
2023-07-11,939355.2018422228,281.4053907895286
2023-07-12,934828.4006934997,281.4053907895286
2023-07-13,942121.602846212,281.4053907895286
2023-07-14,943124.3260943035,281.4053907895286
2023-07-17,941720.6250242685,281.4053907895286
2023-07-18,942366.8148657244,281.4053907895286
2023-07-19,943765.1392583771,281.4053907895286
2023-07-20,938656.6196660013,281.4053907895286
2023-07-21,940277.5574931699,281.4053907895286
2023-07-24,939658.2511240232,281.4053907895286
2023-07-25,957715.6575085788,281.4053907895286
2023-07-26,955109.426778598,281.4053907895286
2023-07-27,956376.7977967155,281.4053907895286
2023-07-28,977352.4118503683,281.4053907895286
2023-07-31,983114.6262357762,281.4053907895286
2023-08-01,980838.7920781015,281.4053907895286
2023-08-02,975401.4409458288,293.869220242952
2023-08-03,979839.6022230624,293.869220242952
2023-08-04,978912.8567339497,293.869220242952
2023-08-07,975026.8740133442,293.869220242952
2023-08-08,973264.1851833502,293.869220242952
2023-08-09,970598.2783488212,293.869220242952
2023-08-10,978382.9729182331,293.869220242952
2023-08-11,961491.249490448,293.869220242952
2023-08-14,957480.8790144757,293.869220242952
2023-08-15,960310.323316869,293.869220242952
2023-08-16,956780.6294796884,293.869220242952
2023-08-17,956894.5250047396,293.869220242952
2023-08-18,951992.3373150186,293.869220242952
2023-08-21,935521.3865963591,293.869220242952
2023-08-22,938852.5625977538,293.869220242952
2023-08-23,930507.828114454,293.869220242952
2023-08-24,930493.8146602415,293.869220242952
2023-08-25,932840.5830199189,293.869220242952
2023-08-28,940701.3109510969,293.869220242952
2023-08-29,939265.9326855787,293.869220242952
2023-08-30,930509.1889566706,293.869220242952
2023-08-31,925729.857892441,293.869220242952
2023-09-01,934480.9031020039,293.869220242952
2023-09-04,947532.8787639079,279.97993798719835
2023-09-05,942567.9967753281,279.97993798719835
2023-09-06,936050.3275102249,279.97993798719835
2023-09-07,932879.9608198042,279.97993798719835
2023-09-08,930659.1295955208,279.97993798719835
2023-09-11,935265.9015593886,279.97993798719835
2023-09-12,934809.9367706235,279.97993798719835
2023-09-13,932725.9621644185,279.97993798719835
2023-09-14,935953.15708754,279.97993798719835
2023-09-15,931469.3724486877,279.97993798719835
2023-09-18,930771.1067167955,279.97993798719835
2023-09-19,933895.8566880319,279.97993798719835
2023-09-20,930842.9653623695,279.97993798719835
2023-09-21,925893.7929490362,279.97993798719835
2023-09-22,933857.1334367266,279.97993798719835
2023-09-25,928766.2948516819,279.97993798719835
2023-09-26,924569.8225698499,279.97993798719835
2023-09-27,924295.002684877,279.97993798719835
2023-09-28,922007.3833614202,279.97993798719835
2023-10-09,916062.4257338785,279.97993798719835
2023-10-10,908632.7451765632,274.46157256601145
2023-10-11,906144.453181791,274.46157256601145
2023-10-12,913788.8176567536,274.46157256601145
2023-10-13,908973.377142269,274.46157256601145
2023-10-16,905611.9234901165,274.46157256601145
2023-10-17,909521.8324774136,274.46157256601145
2023-10-18,902386.0114811028,274.46157256601145
2023-10-19,887440.5510724057,274.46157256601145
2023-10-20,885245.0042826771,274.46157256601145
2023-10-23,877020.5044324258,274.46157256601145
2023-10-24,882078.2367558222,274.46157256601145
2023-10-25,893547.0514846343,274.46157256601145
2023-10-26,896881.8129858766,274.46157256601145
2023-10-27,904915.4036006549,274.46157256601145
2023-10-30,901184.2850902807,274.46157256601145
2023-10-31,901096.0608475175,274.46157256601145
2023-11-01,899798.5553868823,274.46157256601145
2023-11-02,898940.3562295034,269.5887522191624
2023-11-03,898825.119314901,269.5887522191624
2023-11-06,903553.8653554068,269.5887522191624
2023-11-07,901633.6525160692,269.5887522191624
2023-11-08,897709.5025685265,269.5887522191624
2023-11-09,898861.9384716104,269.5887522191624
2023-11-10,895587.4623043591,269.5887522191624
2023-11-13,898376.4400284659,269.5887522191624
2023-11-14,898636.9308248705,269.5887522191624
2023-11-15,902454.9538877396,269.5887522191624
2023-11-16,899627.9429131395,269.5887522191624
2023-11-17,898514.7981466843,269.5887522191624
2023-11-20,901999.0781025004,269.5887522191624
2023-11-21,904672.5771865054,269.5887522191624
2023-11-22,900638.2229147345,269.5887522191624
2023-11-23,902334.014506148,269.5887522191624
2023-11-24,900787.7128459117,269.5887522191624
2023-11-27,897724.5081880275,269.5887522191624
2023-11-28,896065.052539109,269.5887522191624
2023-11-29,890570.0217723582,269.5887522191624
2023-11-30,892265.3713098039,269.5887522191624
2023-12-01,893036.5144299634,269.5887522191624
2023-12-04,892216.2528863628,267.56277522817254
2023-12-05,882875.2582544077,267.56277522817254
2023-12-06,879984.7956379757,267.56277522817254
2023-12-07,878255.0567480786,267.56277522817254
2023-12-08,880325.1818236969,267.56277522817254
2023-12-11,881801.6922934257,267.56277522817254
2023-12-12,881727.3341484029,267.56277522817254
2023-12-13,871421.8843684897,267.56277522817254
2023-12-14,866790.0371020434,267.56277522817254
2023-12-15,864935.0688227876,267.56277522817254
2023-12-18,861831.4536529577,267.56277522817254
2023-12-19,861832.7553014129,267.56277522817254
2023-12-20,857097.9710833025,267.56277522817254
2023-12-21,860429.5366503213,267.56277522817254
2023-12-22,862460.8805125238,267.56277522817254
2023-12-25,864189.9127676358,267.56277522817254
2023-12-26,861063.046278485,267.56277522817254
2023-12-27,860957.8351295126,267.56277522817254
2023-12-28,868995.6257262398,267.56277522817254
2023-12-29,867411.7043699805,267.56277522817254
2024-01-02,867175.3398447147,267.56277522817254
2024-01-03,869625.1421443068,259.81450792006217
2024-01-04,864906.258239568,259.81450792006217
2024-01-05,864147.5723049699,259.81450792006217
2024-01-08,857168.271524731,259.81450792006217
2024-01-09,862205.5035439116,259.81450792006217
2024-01-10,861088.2884840132,259.81450792006217
2024-01-11,861593.2890802715,259.81450792006217
2024-01-12,862697.3010666305,259.81450792006217
2024-01-15,865912.0202150986,259.81450792006217
2024-01-16,871615.750267645,259.81450792006217
2024-01-17,861969.5720579737,259.81450792006217
2024-01-18,864362.2924065621,259.81450792006217
2024-01-19,863465.9107605631,259.81450792006217
2024-01-22,853441.3399596666,259.81450792006217
2024-01-23,857672.0964758901,259.81450792006217
2024-01-24,873229.585983371,259.81450792006217
2024-01-25,887213.1145739853,259.81450792006217
2024-01-26,894022.0565667007,259.81450792006217
2024-01-29,894425.3778623098,259.81450792006217
2024-01-30,885293.3115312577,259.81450792006217
2024-01-31,880944.4801028053,259.81450792006217
2024-02-01,878821.5807731175,259.81450792006217
2024-02-02,875662.7182564267,263.30383514339337
2024-02-05,872987.0518273715,263.30383514339337
2024-02-06,891925.1406847938,263.30383514339337
2024-02-07,893494.9060298051,263.30383514339337
2024-02-08,896375.7357651581,263.30383514339337
2024-02-19,903103.2319293264,263.30383514339337
2024-02-20,905452.9928054856,263.30383514339337
2024-02-21,910914.1941213857,263.30383514339337
2024-02-22,916582.9996021176,263.30383514339337
2024-02-23,915228.5492885115,263.30383514339337
2024-02-26,905562.5726200512,263.30383514339337
2024-02-27,909629.7965513591,263.30383514339337
2024-02-28,903845.6936927382,263.30383514339337
2024-02-29,908870.2641675422,263.30383514339337
2024-03-01,904789.0660628253,263.30383514339337
2024-03-04,902772.4947447754,271.08395477142767
2024-03-05,906233.9176066224,271.08395477142767
2024-03-06,904709.5319146886,271.08395477142767
2024-03-07,906215.5120535389,271.08395477142767
2024-03-08,904614.0977777706,271.08395477142767
2024-03-11,905281.012802738,271.08395477142767
2024-03-12,904558.2356423966,271.08395477142767
2024-03-13,900077.5165646616,271.08395477142767
2024-03-14,901190.7305019496,271.08395477142767
2024-03-15,905597.0994824944,271.08395477142767
2024-03-18,909629.0725633691,271.08395477142767
2024-03-19,910321.8806130853,271.08395477142767
2024-03-20,909611.6158871022,271.08395477142767
2024-03-21,907926.0063738038,271.08395477142767
2024-03-22,902152.0518555517,271.08395477142767
2024-03-25,902744.7150234064,271.08395477142767
2024-03-26,903970.4767118198,271.08395477142767
2024-03-27,900458.5663064432,271.08395477142767
2024-03-28,901420.4457895829,271.08395477142767
2024-03-29,905993.6592133434,271.08395477142767
2024-04-01,913552.4060110225,271.08395477142767
2024-04-02,914183.0358550488,273.7095420875121
2024-04-03,914722.7367568198,273.7095420875121
2024-04-08,914101.4895557351,273.7095420875121
2024-04-09,913852.8377150837,273.7095420875121
2024-04-10,911127.9034058871,273.7095420875121
2024-04-11,913202.7579516564,273.7095420875121
2024-04-12,906469.59285307,273.7095420875121
2024-04-15,916024.8971877173,273.7095420875121
2024-04-16,909811.2865301394,273.7095420875121
2024-04-17,923191.1683481797,273.7095420875121
2024-04-18,923410.4952093313,273.7095420875121
2024-04-19,921497.8329352201,273.7095420875121
2024-04-22,918182.6521866493,273.7095420875121
2024-04-23,910710.864491153,273.7095420875121
2024-04-24,915745.3767948896,273.7095420875121
2024-04-25,919225.3033030601,273.7095420875121
2024-04-26,926335.4790713812,273.7095420875121
2024-04-29,924196.8264883403,273.7095420875121
2024-04-30,924858.3583837452,273.7095420875121
2024-05-06,929948.7567070697,273.7095420875121
2024-05-07,926499.1948248579,278.62205374392215
2024-05-08,922828.5686107108,278.62205374392215
2024-05-09,930156.5174889745,278.62205374392215
2024-05-10,931400.4708953263,278.62205374392215
2024-05-13,931879.1773957284,278.62205374392215
2024-05-14,927899.724225307,278.62205374392215
2024-05-15,923667.9706937041,278.62205374392215
2024-05-16,924538.8384468742,278.62205374392215
2024-05-17,933532.5515636392,278.62205374392215
2024-05-20,939789.3277147231,278.62205374392215
2024-05-21,939184.2914238035,278.62205374392215
2024-05-22,944087.1624620331,278.62205374392215
2024-05-23,934239.3881582518,278.62205374392215
2024-05-24,932011.1433021922,278.62205374392215
2024-05-27,938078.6030733894,278.62205374392215
2024-05-28,932394.8057185404,278.62205374392215
2024-05-29,931219.5519560335,278.62205374392215
2024-05-30,927537.8128443849,278.62205374392215
2024-05-31,924650.9018918735,278.62205374392215
2024-06-03,918488.7969217193,278.62205374392215
2024-06-04,919533.2900066767,275.1885371081298
2024-06-05,916275.3679786497,275.1885371081298
2024-06-06,913022.5824824744,275.1885371081298
2024-06-07,917004.838691673,275.1885371081298
2024-06-11,907845.331025982,275.1885371081298
2024-06-12,908487.5434035971,275.1885371081298
2024-06-13,901071.0297962939,275.1885371081298
2024-06-14,904520.1739526009,275.1885371081298
2024-06-17,899992.665044508,275.1885371081298
2024-06-18,907449.3203743162,275.1885371081298
2024-06-19,905376.5526965156,275.1885371081298
2024-06-20,901753.7688318691,275.1885371081298
2024-06-21,901973.4457905462,275.1885371081298
2024-06-24,898906.0593700181,275.1885371081298
2024-06-25,900252.1506032099,275.1885371081298
2024-06-26,904872.2308005912,275.1885371081298
2024-06-27,902955.5903010183,275.1885371081298
2024-06-28,909502.2527740014,275.1885371081298
